label,total_count,train_count,validation_count,test_count
T1001,14,12,1,1
T1001.001,19,12,4,3
T1001.002,20,17,1,2
T1001.003,23,16,1,6
T1003,41,28,6,7
T1003.001,126,98,17,11
T1003.002,50,37,6,7
T1003.003,50,39,4,7
T1003.004,28,20,4,4
T1003.005,22,19,1,2
T1003.006,14,12,1,1
T1003.007,25,12,7,6
T1003.008,13,12,0,1
T1005,217,177,19,21
T1006,16,14,0,2
T1007,77,66,8,3
T1008,56,44,5,7
T1010,52,40,8,4
T1011,7,4,2,1
T1011.001,12,11,0,1
T1012,143,111,19,13
T1014,35,28,2,5
T1016,272,206,33,33
T1016.001,30,23,2,5
T1016.002,12,11,1,0
T1018,108,81,13,14
T1020,31,27,3,1
T1020.001,10,7,1,2
T1021,55,39,8,8
T1021.001,91,71,8,12
T1021.002,101,85,7,9
T1021.003,34,27,3,4
T1021.004,45,39,2,4
T1021.005,31,26,2,3
T1021.006,30,25,2,3
T1021.007,13,9,3,1
T1021.008,8,7,0,1
T1025,32,24,4,4
T1027,190,148,21,21
T1027.001,47,40,3,4
T1027.002,106,82,13,11
T1027.003,38,29,6,3
T1027.004,18,16,0,2
T1027.005,24,19,4,1
T1027.006,14,13,0,1
T1027.007,23,20,3,0
T1027.008,11,6,4,1
T1027.009,39,31,3,5
T1027.010,80,70,5,5
T1027.011,43,33,4,6
T1027.012,10,8,2,0
T1027.013,217,170,19,28
T1027.014,12,10,2,0
T1029,21,15,3,3
T1030,26,23,2,1
T1033,251,200,23,28
T1036,72,62,6,4
T1036.001,15,12,1,2
T1036.002,15,11,2,2
T1036.003,20,14,3,3
T1036.004,101,81,11,9
T1036.005,213,174,19,20
T1036.006,10,7,2,1
T1036.007,18,15,2,1
T1036.008,25,18,4,3
T1036.009,11,11,0,0
T1036.010,16,11,1,4
T1037,15,14,0,1
T1037.001,21,12,6,3
T1037.002,14,13,0,1
T1037.003,7,7,0,0
T1037.004,20,14,1,5
T1037.005,12,8,0,4
T1039,26,17,5,4
T1040,44,38,4,2
T1041,168,132,17,19
T1046,85,71,10,4
T1047,189,142,22,25
T1048,20,18,1,1
T1048.001,6,6,0,0
T1048.002,13,11,1,1
T1048.003,40,34,2,4
T1049,112,95,9,8
T1052,7,6,0,1
T1052.001,16,12,3,1
T1053,33,26,3,4
T1053.002,62,58,2,2
T1053.003,42,34,5,3
T1053.005,209,164,24,21
T1053.006,27,23,3,1
T1053.007,22,20,0,2
T1055,86,71,7,8
T1055.001,99,83,8,8
T1055.002,19,18,1,0
T1055.003,12,9,2,1
T1055.004,23,21,1,1
T1055.005,9,7,1,1
T1055.008,15,14,0,1
T1055.009,14,12,1,1
T1055.011,15,8,5,2
T1055.012,56,50,3,3
T1055.013,23,18,1,4
T1055.014,10,9,1,0
T1055.015,15,12,1,2
T1056,19,14,2,3
T1056.001,160,129,12,19
T1056.002,23,19,2,2
T1056.003,10,9,1,0
T1056.004,22,18,2,2
T1057,303,225,39,39
T1059,62,49,7,6
T1059.001,254,201,24,29
T1059.002,35,29,0,6
T1059.003,388,323,35,30
T1059.004,61,50,6,5
T1059.005,154,116,22,16
T1059.006,59,45,8,6
T1059.007,75,67,2,6
T1059.008,10,8,1,1
T1059.009,17,14,0,3
T1059.010,16,12,2,2
T1059.011,13,9,1,3
T1068,62,51,6,5
T1069,22,17,4,1
T1069.001,42,35,3,4
T1069.002,44,37,6,1
T1069.003,18,12,1,5
T1070,46,34,5,7
T1070.001,78,63,7,8
T1070.002,11,8,1,2
T1070.003,37,31,3,3
T1070.004,284,226,21,37
T1070.005,14,13,1,0
T1070.006,71,56,6,9
T1070.007,21,15,3,3
T1070.008,22,19,1,2
T1070.009,26,22,3,1
T1070.010,7,5,0,2
T1071,18,17,1,0
T1071.001,367,295,42,30
T1071.002,25,23,1,1
T1071.003,30,26,1,3
T1071.004,63,49,8,6
T1071.005,7,7,0,0
T1072,43,30,6,7
T1074,10,8,1,1
T1074.001,118,90,17,11
T1074.002,16,14,0,2
T1078,67,53,8,6
T1078.001,18,14,2,2
T1078.002,54,40,4,10
T1078.003,31,21,7,3
T1078.004,40,29,5,6
T1080,31,25,4,2
T1082,424,336,35,53
T1083,359,284,42,33
T1087,17,14,2,1
T1087.001,76,66,6,4
T1087.002,50,38,7,5
T1087.003,20,16,2,2
T1087.004,16,13,3,0
T1090,64,53,5,6
T1090.001,31,26,3,2
T1090.002,31,24,4,3
T1090.003,41,36,2,3
T1090.004,12,9,2,1
T1091,43,35,5,3
T1092,10,7,1,2
T1095,102,77,15,10
T1098,23,17,3,3
T1098.001,42,33,6,3
T1098.002,25,20,2,3
T1098.003,21,11,5,5
T1098.004,27,21,1,5
T1098.005,23,20,1,2
T1098.006,7,6,1,0
T1098.007,24,21,1,2
T1102,45,37,3,5
T1102.001,23,16,4,3
T1102.002,51,41,7,3
T1102.003,14,10,1,3
T1104,25,24,1,0
T1105,489,375,66,48
T1106,217,188,12,17
T1110,30,25,3,2
T1110.001,25,16,4,5
T1110.002,13,8,2,3
T1110.003,45,37,1,7
T1110.004,10,7,2,1
T1111,23,20,1,2
T1112,203,162,19,22
T1113,163,119,21,23
T1114,14,13,0,1
T1114.001,26,22,3,1
T1114.002,35,30,2,3
T1114.003,41,31,2,8
T1115,46,35,6,5
T1119,80,63,12,5
T1120,62,51,6,5
T1123,34,28,5,1
T1124,102,76,8,18
T1125,44,34,5,5
T1127,8,6,1,1
T1127.001,20,13,3,4
T1127.002,15,14,0,1
T1129,34,27,4,3
T1132,9,8,1,0
T1132.001,118,86,13,19
T1132.002,17,13,1,3
T1133,60,51,5,4
T1134,43,34,7,2
T1134.001,35,31,2,2
T1134.002,19,16,1,2
T1134.003,11,10,0,1
T1134.004,17,14,1,2
T1134.005,24,19,3,2
T1135,76,68,1,7
T1136,8,6,0,2
T1136.001,38,31,2,5
T1136.002,17,15,0,2
T1136.003,20,17,1,2
T1137,19,10,6,3
T1137.001,30,29,1,0
T1137.002,17,13,2,2
T1137.003,15,12,0,3
T1137.004,12,12,0,0
T1137.005,11,10,0,1
T1137.006,13,11,1,1
T1140,324,264,28,32
T1176,29,20,6,3
T1185,26,24,1,1
T1187,35,24,6,5
T1189,81,64,9,8
T1190,76,59,7,10
T1195,22,18,4,0
T1195.001,13,8,3,2
T1195.002,16,14,1,1
T1195.003,5,5,0,0
T1197,43,37,6,0
T1199,25,22,0,3
T1200,11,9,2,0
T1201,18,15,1,2
T1202,10,6,2,2
T1203,88,73,10,5
T1204,38,31,4,3
T1204.001,96,84,5,7
T1204.002,198,157,19,22
T1204.003,22,18,2,2
T1205,31,26,3,2
T1205.001,10,9,1,0
T1205.002,20,17,1,2
T1207,16,15,1,0
T1210,46,39,4,3
T1211,12,11,1,0
T1212,12,11,0,1
T1213,35,27,5,3
T1213.001,20,14,5,1
T1213.002,20,16,2,2
T1213.003,18,15,2,1
T1213.004,13,10,1,2
T1213.005,16,13,0,3
T1216,3,3,0,0
T1216.001,16,15,0,1
T1216.002,10,8,2,0
T1217,27,21,3,3
T1218,19,14,3,2
T1218.001,23,20,1,2
T1218.002,28,24,4,0
T1218.003,21,11,6,4
T1218.004,15,13,1,1
T1218.005,45,34,6,5
T1218.007,40,34,3,3
T1218.008,13,9,1,3
T1218.009,11,9,2,0
T1218.010,57,50,4,3
T1218.011,130,111,6,13
T1218.012,15,12,2,1
T1218.013,11,7,1,3
T1218.014,19,15,2,2
T1218.015,12,10,1,1
T1219,42,38,4,0
T1220,26,22,1,3
T1221,29,26,3,0
T1222,6,6,0,0
T1222.001,27,17,8,2
T1222.002,35,27,3,5
T1480,33,28,3,2
T1480.001,28,20,7,1
T1480.002,21,17,3,1
T1482,42,36,3,3
T1484,12,10,1,1
T1484.001,25,18,3,4
T1484.002,22,16,2,4
T1485,53,39,9,5
T1485.001,8,8,0,0
T1486,91,69,13,9
T1489,54,43,5,6
T1490,81,64,11,6
T1491,8,8,0,0
T1491.001,17,14,1,2
T1491.002,10,9,1,0
T1495,13,12,0,1
T1496,15,12,1,2
T1496.001,27,21,2,4
T1496.002,10,8,1,1
T1496.003,10,8,2,0
T1496.004,11,9,1,1
T1497,28,22,4,2
T1497.001,81,65,8,8
T1497.002,8,7,1,0
T1497.003,61,49,6,6
T1498,18,17,0,1
T1498.001,12,10,1,1
T1498.002,12,10,0,2
T1499,22,15,3,4
T1499.001,12,9,1,2
T1499.002,11,11,0,0
T1499.003,6,4,0,2
T1499.004,12,11,0,1
T1505,7,5,1,1
T1505.001,15,8,4,3
T1505.002,11,8,1,2
T1505.003,76,62,7,7
T1505.004,24,22,2,0
T1505.005,14,11,1,2
T1518,52,40,4,8
T1518.001,139,113,6,20
T1525,9,6,2,1
T1526,17,14,1,2
T1528,49,34,8,7
T1529,30,26,3,1
T1530,33,21,6,6
T1531,20,16,0,4
T1534,11,8,1,2
T1535,10,9,0,1
T1537,21,18,1,2
T1538,10,7,2,1
T1539,40,28,8,4
T1542,11,11,0,0
T1542.001,15,12,2,1
T1542.002,12,12,0,0
T1542.003,22,17,2,3
T1542.004,6,6,0,0
T1542.005,10,8,1,1
T1543,26,22,2,2
T1543.001,38,34,2,2
T1543.002,32,26,3,3
T1543.003,208,173,20,15
T1543.004,32,28,1,3
T1543.005,10,8,2,0
T1546,20,19,0,1
T1546.001,18,14,2,2
T1546.002,25,21,3,1
T1546.003,45,36,3,6
T1546.004,31,25,3,3
T1546.005,9,5,3,1
T1546.006,11,6,3,2
T1546.007,11,11,0,0
T1546.008,62,49,6,7
T1546.009,13,8,2,3
T1546.010,23,17,3,3
T1546.011,25,20,4,1
T1546.012,18,14,4,0
T1546.013,19,14,2,3
T1546.014,13,11,1,1
T1546.015,29,27,0,2
T1546.016,17,13,2,2
T1546.017,11,8,1,2
T1547,18,13,3,2
T1547.001,283,231,24,28
T1547.002,10,7,1,2
T1547.003,12,8,2,2
T1547.004,30,24,3,3
T1547.005,13,10,3,0
T1547.006,34,30,1,3
T1547.007,9,9,0,0
T1547.008,18,16,0,2
T1547.009,36,30,4,2
T1547.010,15,14,1,0
T1547.012,19,18,0,1
T1547.013,23,20,2,1
T1547.014,14,13,0,1
T1547.015,20,16,3,1
T1548,23,21,2,0
T1548.001,21,18,1,2
T1548.002,86,63,13,10
T1548.003,33,26,4,3
T1548.004,15,14,1,0
T1548.005,18,15,3,0
T1548.006,15,11,1,3
T1550,17,11,4,2
T1550.001,37,34,2,1
T1550.002,50,42,5,3
T1550.003,23,21,2,0
T1550.004,13,11,1,1
T1552,22,19,2,1
T1552.001,57,46,6,5
T1552.002,26,19,2,5
T1552.003,13,10,0,3
T1552.004,36,28,2,6
T1552.005,18,11,5,2
T1552.006,19,17,2,0
T1552.007,15,13,2,0
T1552.008,13,9,2,2
T1553,19,18,0,1
T1553.001,35,25,6,4
T1553.002,77,68,6,3
T1553.003,20,14,5,1
T1553.004,32,26,4,2
T1553.005,23,18,4,1
T1553.006,24,20,1,3
T1554,37,26,6,5
T1555,48,35,1,12
T1555.001,33,23,5,5
T1555.002,13,12,0,1
T1555.003,106,86,13,7
T1555.004,40,30,6,4
T1555.005,36,29,2,5
T1555.006,15,11,3,1
T1556,61,49,6,6
T1556.001,27,18,3,6
T1556.002,24,21,2,1
T1556.003,15,12,2,1
T1556.004,10,6,1,3
T1556.005,22,19,2,1
T1556.006,29,20,4,5
T1556.007,30,22,2,6
T1556.008,11,9,1,1
T1556.009,12,11,0,1
T1557,16,12,2,2
T1557.001,30,26,3,1
T1557.002,26,23,1,2
T1557.003,21,18,2,1
T1557.004,19,13,3,3
T1558,12,12,0,0
T1558.001,21,17,2,2
T1558.002,8,6,1,1
T1558.003,21,19,1,1
T1558.004,21,16,4,1
T1558.005,17,16,1,0
T1559,29,26,1,2
T1559.001,29,25,3,1
T1559.002,38,25,10,3
T1559.003,9,5,3,1
T1560,54,40,9,5
T1560.001,88,69,7,12
T1560.002,21,16,2,3
T1560.003,46,38,4,4
T1561,9,9,0,0
T1561.001,25,23,1,1
T1561.002,30,23,2,5
T1562,28,22,3,3
T1562.001,135,118,5,12
T1562.002,65,48,8,9
T1562.003,24,16,5,3
T1562.004,48,41,3,4
T1562.006,31,25,5,1
T1562.007,16,12,3,1
T1562.008,19,17,2,0
T1562.009,20,17,2,1
T1562.010,13,8,2,3
T1562.011,9,9,0,0
T1562.012,20,16,2,2
T1563,7,6,0,1
T1563.001,11,10,0,1
T1563.002,40,35,3,2
T1564,21,19,1,1
T1564.001,75,61,8,6
T1564.002,27,21,3,3
T1564.003,67,57,6,4
T1564.004,37,28,3,6
T1564.005,21,19,1,1
T1564.006,28,22,1,5
T1564.007,14,12,1,1
T1564.008,20,15,3,2
T1564.009,15,12,2,1
T1564.010,15,11,2,2
T1564.011,12,10,2,0
T1564.012,12,12,0,0
T1565,3,2,0,1
T1565.001,15,13,1,1
T1565.002,11,9,2,0
T1565.003,9,7,1,1
T1566,22,20,1,1
T1566.001,160,121,22,17
T1566.002,105,88,6,11
T1566.003,36,23,7,6
T1566.004,12,11,0,1
T1567,15,13,0,2
T1567.001,9,7,0,2
T1567.002,44,37,5,2
T1567.003,10,7,2,1
T1567.004,14,9,2,3
T1568,25,16,6,3
T1568.001,17,14,1,2
T1568.002,42,36,4,2
T1568.003,4,4,0,0
T1569,19,16,1,2
T1569.001,30,24,3,3
T1569.002,92,71,9,12
T1570,56,49,4,3
T1571,55,44,5,6
T1572,41,34,4,3
T1573,18,16,0,2
T1573.001,178,141,19,18
T1573.002,80,65,8,7
T1574,32,26,4,2
T1574.001,62,45,8,9
T1574.002,80,63,8,9
T1574.004,20,14,3,3
T1574.005,14,11,2,1
T1574.006,31,18,7,6
T1574.007,18,16,1,1
T1574.008,26,21,3,2
T1574.009,10,8,1,1
T1574.010,24,15,1,8
T1574.011,21,15,3,3
T1574.012,19,12,4,3
T1574.013,17,15,1,1
T1574.014,13,12,0,1
T1578,14,11,1,2
T1578.001,13,9,2,2
T1578.002,15,10,1,4
T1578.003,13,12,1,0
T1578.004,10,7,2,1
T1578.005,10,8,1,1
T1580,20,15,3,2
T1583,19,18,1,0
T1583.001,72,56,6,10
T1583.002,7,6,1,0
T1583.003,18,14,1,3
T1583.004,17,12,1,4
T1583.005,2,2,0,0
T1583.006,28,23,4,1
T1583.007,3,3,0,0
T1583.008,17,10,6,1
T1584,14,11,0,3
T1584.001,25,20,3,2
T1584.002,9,9,0,0
T1584.003,8,6,1,1
T1584.004,20,14,4,2
T1584.005,9,7,0,2
T1584.006,13,12,0,1
T1584.007,6,3,3,0
T1584.008,13,7,4,2
T1585,13,9,1,3
T1585.001,26,24,1,1
T1585.002,26,22,2,2
T1585.003,6,5,0,1
T1586,8,5,2,1
T1586.001,14,12,1,1
T1586.002,19,13,2,4
T1586.003,8,7,1,0
T1587,10,7,2,1
T1587.001,36,30,4,2
T1587.002,8,6,2,0
T1587.003,12,11,1,0
T1587.004,8,8,0,0
T1588,12,11,1,0
T1588.001,28,22,3,3
T1588.002,96,76,14,6
T1588.003,18,14,1,3
T1588.004,17,14,1,2
T1588.005,13,13,0,0
T1588.006,10,9,1,0
T1588.007,6,5,0,1
T1589,14,9,1,4
T1589.001,16,14,1,1
T1589.002,23,21,2,0
T1589.003,7,6,0,1
T1590,7,4,0,3
T1590.001,7,7,0,0
T1590.002,6,6,0,0
T1590.003,4,4,0,0
T1590.004,7,5,1,1
T1590.005,9,8,0,1
T1590.006,6,4,1,1
T1591,9,8,1,0
T1591.001,6,3,3,0
T1591.002,8,5,2,1
T1591.003,5,4,1,0
T1591.004,8,7,0,1
T1592,8,6,0,2
T1592.001,7,7,0,0
T1592.002,9,6,1,2
T1592.003,5,5,0,0
T1592.004,7,6,0,1
T1593,8,8,0,0
T1593.001,8,7,0,1
T1593.002,7,7,0,0
T1593.003,12,9,2,1
T1594,17,14,1,2
T1595,6,6,0,0
T1595.001,9,6,1,2
T1595.002,18,15,2,1
T1595.003,12,10,0,2
T1596,4,3,0,1
T1596.001,6,5,0,1
T1596.002,6,5,1,0
T1596.003,7,4,1,2
T1596.004,7,6,1,0
T1596.005,9,7,1,1
T1597,4,4,0,0
T1597.001,6,4,2,0
T1597.002,11,7,1,3
T1598,17,13,2,2
T1598.001,6,3,3,0
T1598.002,8,6,2,0
T1598.003,48,35,6,7
T1598.004,10,8,2,0
T1599,14,11,1,2
T1599.001,10,8,1,1
T1600,8,6,2,0
T1600.001,4,3,1,0
T1600.002,8,6,0,2
T1601,8,8,0,0
T1601.001,38,29,4,5
T1601.002,8,5,0,3
T1602,7,6,0,1
T1602.001,8,7,1,0
T1602.002,9,9,0,0
T1606,11,9,1,1
T1606.001,16,11,4,1
T1606.002,29,23,4,2
T1608,12,7,2,3
T1608.001,38,28,5,5
T1608.002,11,9,0,2
T1608.003,10,9,0,1
T1608.004,24,20,2,2
T1608.005,17,13,1,3
T1608.006,12,9,1,2
T1609,22,17,3,2
T1610,28,25,1,2
T1611,22,16,2,4
T1612,8,7,0,1
T1613,18,14,3,1
T1614,25,20,3,2
T1614.001,42,35,3,4
T1615,16,13,1,2
T1619,12,8,2,2
T1620,33,26,3,4
T1621,20,14,5,1
T1622,31,25,2,4
T1647,15,13,1,1
T1648,24,21,0,3
T1649,38,31,1,6
T1650,10,10,0,0
T1651,19,15,3,1
T1652,12,7,2,3
T1653,9,8,1,0
T1654,19,18,0,1
T1656,19,17,0,2
T1657,24,21,1,2
T1659,14,12,2,0
T1665,19,17,2,0
T1666,14,10,1,3
